{"cameraMode":{"drawMode":0,"name":"Shaded","section":"Shading Mode"},"sceneLighting":true,"audioPlay":false,"sceneViewState":{"showFog":true,"showMaterialUpdate":false,"showSkybox":true,"showFlares":true,"showImageEffects":true,"showParticleSystems":true},"in2DMode":false,"pivot":{"x":19.39942741394043,"y":0.48690539598464968,"z":31.702579498291017},"rotation":{"x":-0.31565770506858828,"y":0.5507266521453857,"z":-0.2363015115261078,"w":-0.7356910109519959},"size":2.395094871520996,"orthographic":false}